customer_id,customer_name,gender,age,income_segment,loyalty_status
1,Julie Harmon,Male,34,Medium,Gold
2,Margaret Castro,Female,26,High,Bronze
3,Dana Lara,Male,50,Low,Platinum
4,Tiffany Arroyo,Male,37,High,Gold
5,Tamara Wilson,Male,30,High,Platinum
6,Keith Byrd,Female,45,Low,Bronze
7,Stephanie Ware,Male,65,Low,Gold
8,Rachael Valdez,Male,46,High,Bronze
9,Russell Warren,Male,30,Low,Platinum
10,Nicole Lynn,Female,63,Medium,Platinum
11,Carlos Sparks,Male,52,Medium,Bronze
12,Destiny Rodriguez,Male,23,Low,Gold
13,Christopher Nicholson,Male,35,High,Bronze
14,Heather Sparks,Male,68,Low,Platinum
15,Katherine Anderson,Female,22,Low,Bronze
16,Robert Baxter,Male,64,High,Platinum
17,Jamie Moran,Female,42,High,Bronze
18,Amanda Johnson,Female,19,Medium,Gold
19,Spencer Mitchell,Female,27,High,Gold
20,Adam Stone,Male,47,Medium,Bronze
21,Michael Robinson,Female,67,High,Bronze
22,Robert Carlson,Male,62,Low,Gold
23,Cindy Stafford,Female,22,Medium,Platinum
24,Tiffany Shelton,Female,50,Medium,Gold
25,David Martinez,Female,18,Medium,Platinum
26,Kevin Brown,Female,35,Low,Bronze
27,Michael Glover,Female,49,Low,Bronze
28,Robert Taylor,Female,64,Low,Platinum
29,Kayla Thompson,Female,66,Low,Bronze
30,Wayne Aguirre,Female,28,Low,Platinum
31,Steve Fitzpatrick,Male,38,Medium,Silver
32,John Hunter,Male,43,Low,Gold
33,Christopher Gomez,Female,42,Medium,Silver
34,Julie Brooks,Female,39,Low,Platinum
35,Sara Reed,Female,44,High,Gold
36,Cindy Hanson,Male,66,Medium,Platinum
37,Joshua Williams,Female,30,High,Gold
38,Bryan Moore,Male,50,Medium,Gold
39,Brad Gomez,Male,51,High,Gold
40,Shane Oconnell,Male,58,Low,Gold
41,Kimberly Davis,Male,52,Low,Platinum
42,Robin Cox,Male,18,Low,Gold
43,Geoffrey Pope,Female,38,Medium,Gold
44,Jill Smith,Female,65,High,Silver
45,Susan Owen DDS,Female,23,Low,Bronze
46,Daniel Dominguez,Female,45,High,Bronze
47,William Walker,Female,34,High,Silver
48,Robert Chan,Male,22,Low,Silver
49,Alicia Sims,Female,48,Low,Platinum
50,Jeffrey Vance,Female,22,High,Platinum
51,Michael Smith,Male,55,Low,Platinum
52,Rachel Gonzalez,Female,20,Low,Silver
53,Alexandra Lopez,Male,40,Low,Silver
54,Kathleen Guerrero,Female,54,Medium,Gold
55,Christine Medina,Male,54,High,Platinum
56,William Martinez,Female,27,High,Platinum
57,Sarah Burke,Female,27,Medium,Platinum
58,Mr. Andrew Jones,Male,36,High,Bronze
59,Mrs. Wendy Mendez,Male,34,Low,Gold
60,James Davis Jr.,Male,38,High,Platinum
61,Austin Mitchell,Male,31,Low,Platinum
62,Laurie Herrera,Male,26,Medium,Platinum
63,Dale Benson,Male,63,Low,Bronze
64,Brittney Pollard,Male,18,High,Bronze
65,Paul Bernard,Male,68,High,Silver
66,Zachary Walker,Female,62,High,Gold
67,Todd Barnes,Female,30,Medium,Silver
68,Cole Burke,Male,21,Medium,Gold
69,Stacey Perry,Female,18,High,Bronze
70,Miranda Morales,Female,66,Low,Platinum
71,Jessica Parker,Female,57,Medium,Silver
72,Denise Hughes,Female,49,High,Platinum
73,Anthony Sanders,Male,51,High,Silver
74,Kimberly Harmon,Female,45,Medium,Bronze
75,Matthew Romero,Male,48,Medium,Bronze
76,Ian Mcdonald,Female,25,Medium,Bronze
77,Mrs. Colleen Warren,Female,56,Low,Silver
78,Jason Lang,Female,43,Low,Gold
79,Rebecca Roberts,Male,51,High,Silver
80,Ernest Thompson,Female,20,Medium,Gold
81,Tiffany Andrews,Male,67,Low,Silver
82,Regina Holmes,Female,29,Medium,Silver
83,Cassandra Scott,Male,18,High,Bronze
84,Samantha Cooper,Female,61,Low,Platinum
85,Deborah Alexander,Male,22,Low,Platinum
86,John Henry,Male,47,Low,Gold
87,Courtney Wright,Female,47,High,Platinum
88,Eric Mccarthy,Male,34,Medium,Silver
89,Whitney Pace,Female,65,Low,Silver
90,Barbara Jackson,Female,64,High,Bronze
91,Christopher Garner,Female,40,Medium,Bronze
92,Christine Green,Female,32,High,Platinum
93,Caitlyn Mcdaniel,Female,54,Medium,Gold
94,Matthew Ball,Female,38,High,Platinum
95,Sabrina Wilkerson,Female,31,Medium,Platinum
96,Brian Thomas,Female,19,Low,Platinum
97,Michelle Smith,Female,28,Medium,Platinum
98,Shannon Taylor,Female,68,High,Silver
99,Paul Walsh,Female,56,High,Gold
100,Patrick Miles Jr.,Male,55,Medium,Silver
101,Hannah Nguyen,Male,51,Low,Gold
102,Diana Santos,Female,55,Low,Bronze
103,Becky Wright,Female,67,Medium,Platinum
104,Roy Kramer,Female,51,Medium,Silver
105,Richard Cannon,Female,35,High,Gold
106,Douglas Lloyd,Female,47,Low,Bronze
107,Barbara Foster,Female,32,Medium,Bronze
108,Brittany Hayes,Female,44,Low,Platinum
109,Chad Fitzgerald,Female,68,Medium,Gold
110,James Obrien,Male,51,Medium,Silver
111,Edward Perez,Female,69,Low,Platinum
112,Brooke Bennett,Male,55,Medium,Silver
113,Joseph Washington,Female,50,Medium,Bronze
114,Joshua Allen,Female,41,High,Silver
115,Veronica Ramirez,Male,32,Medium,Silver
116,Angela Roberts,Female,47,Medium,Platinum
117,Michael Marquez,Male,59,Medium,Silver
118,Steven Delacruz,Female,68,High,Platinum
119,Kristen Sweeney,Female,34,Low,Bronze
120,Anthony Garcia,Male,22,High,Platinum
121,Margaret Marquez,Female,46,High,Platinum
122,Daniel Logan,Male,21,Low,Gold
123,Martin Baker,Female,27,High,Silver
124,Alyssa Trujillo,Male,34,Low,Bronze
125,Tracey Hernandez,Male,27,High,Platinum
126,Joseph Cooper,Female,34,Low,Bronze
127,Kari Contreras,Female,37,Medium,Gold
128,Lori Orozco,Male,41,High,Silver
129,Ruth Jones,Female,22,High,Platinum
130,Jacob Gonzalez,Female,51,High,Silver
131,Stephanie Torres,Female,23,High,Gold
132,Jennifer Dickson,Male,19,Medium,Gold
133,Billy Conner,Male,30,High,Bronze
134,Kathryn Daugherty,Male,60,Medium,Platinum
135,Vickie Keller,Male,60,Medium,Bronze
136,Brendan Hogan,Male,65,Medium,Gold
137,James Thomas,Male,28,Medium,Silver
138,John Hanson,Male,68,Low,Bronze
139,Kara Hudson,Male,64,Low,Bronze
140,Blake Mosley,Male,40,High,Silver
141,Maria Hunter,Female,33,Low,Bronze
142,Nichole Simmons,Male,48,Low,Silver
143,Dr. Michael Jones DDS,Female,28,High,Platinum
144,Terrence Summers,Female,33,High,Silver
145,Bradley Walker,Female,25,High,Platinum
146,Corey Brady,Male,21,Low,Silver
147,Jessica Poole,Male,57,Low,Gold
148,Christian Richardson,Male,21,High,Gold
149,Timothy Floyd,Male,42,Medium,Platinum
150,Laura Potter,Female,20,High,Platinum
151,David Cortez,Male,49,Medium,Gold
152,Brett Gray,Male,20,Medium,Platinum
153,Kathleen Smith,Male,44,High,Silver
154,Tracy Reyes,Male,46,High,Silver
155,Brian Garrison,Male,49,High,Gold
156,Anthony Brown,Female,67,Low,Bronze
157,Robert Gonzalez,Male,68,Medium,Silver
158,Diana Krueger,Female,36,Low,Platinum
159,Connie Dunlap,Male,38,Low,Bronze
160,Raymond Robinson,Female,22,High,Bronze
161,Tanya Smith,Male,35,Low,Silver
162,Kevin Vega,Male,45,High,Silver
163,Jerome Ramirez,Female,59,Medium,Bronze
164,Jason Moore,Female,39,High,Bronze
165,Holly Burton,Female,38,Low,Gold
166,Joseph Barry,Male,23,Low,Platinum
167,Erin Shelton,Female,18,High,Gold
168,Eric Robertson,Male,22,High,Silver
169,James Bartlett,Male,58,Low,Gold
170,Chelsea Bates,Female,29,Medium,Gold
171,Tracey Ray,Female,43,Medium,Gold
172,Marc Horn,Male,63,High,Gold
173,Curtis Sloan,Male,51,Medium,Platinum
174,Emily May,Female,66,Low,Platinum
175,Patricia Singh,Female,31,High,Bronze
176,Leroy Sampson,Female,43,Low,Silver
177,George Bailey,Male,62,Low,Gold
178,Krista Gonzalez,Male,44,Medium,Bronze
179,Shaun Mcdonald,Male,26,High,Bronze
180,Anna Lynch,Male,43,High,Bronze
181,Andrea Maxwell,Male,64,Medium,Platinum
182,Jessica Knight,Male,39,Low,Gold
183,Phillip Riley,Female,64,Low,Gold
184,Joshua Guzman,Male,47,Low,Silver
185,Kyle Meyer,Male,60,Low,Gold
186,Eileen Bautista,Male,65,High,Gold
187,Tina Fuller,Female,34,High,Bronze
188,Amanda Ferguson,Male,43,Medium,Silver
189,Joshua Gibson,Male,53,Medium,Gold
190,Kelly Larson,Female,18,High,Platinum
191,Daniel Mercado,Male,25,High,Gold
192,Heather Rivera,Male,66,Low,Bronze
193,Cody Tyler,Male,52,Low,Platinum
194,Julie Rogers,Male,69,Medium,Bronze
195,Matthew Mcclain,Male,32,High,Gold
196,Rickey Williams,Female,64,Medium,Platinum
197,Susan May,Female,39,High,Silver
198,Hunter Williams,Female,31,Low,Silver
199,Elizabeth Phelps,Male,43,Medium,Platinum
200,Sarah Rice,Male,45,Medium,Platinum
201,Katherine Ali,Male,40,High,Bronze
202,Angela Sanchez,Female,31,Low,Platinum
203,Darryl Shepherd,Male,41,Medium,Bronze
204,Robert Monroe,Male,19,Low,Gold
205,James Daniels,Female,62,Medium,Bronze
206,Miss Brittany Leon PhD,Male,43,Low,Platinum
207,Brett Brewer,Female,31,High,Platinum
208,Mr. Alan Warren,Female,68,Medium,Gold
209,Linda Gardner,Female,24,Medium,Platinum
210,Marie Lopez,Male,20,Low,Platinum
211,Regina Newton,Male,64,Low,Silver
212,Jacob Williamson,Male,40,Medium,Silver
213,Wayne Mullins,Male,63,High,Gold
214,Nicole Scott,Male,60,Low,Bronze
215,Stephanie Kelly,Male,64,Low,Silver
216,Tara Johnson,Male,62,Low,Bronze
217,Melissa Jones,Female,35,Medium,Platinum
218,Caitlyn Martinez,Male,55,Medium,Silver
219,Angela Anderson,Female,52,Medium,Gold
220,Scott Mejia,Male,68,Medium,Gold
221,Anna Ball,Male,32,High,Gold
222,Amber Johnson,Male,42,High,Silver
223,Maria Wilson,Female,54,Medium,Bronze
224,Alexandra Garcia,Female,45,High,Platinum
225,Caitlyn Johnson,Female,27,Low,Bronze
226,Ashley Gonzales,Female,56,Low,Bronze
227,Cody Crawford III,Male,34,Low,Platinum
228,Ashley Benton,Female,56,Medium,Platinum
229,Zachary Hunt,Male,39,Low,Silver
230,Rebecca Villanueva,Male,43,High,Silver
231,Jason Kelly,Female,61,Medium,Silver
232,Isabella Savage,Female,42,High,Silver
233,Keith Harvey,Female,34,Low,Silver
234,Jorge Doyle,Female,30,Low,Platinum
235,Judy Silva,Female,37,Low,Bronze
236,Karen Weeks,Female,42,Medium,Silver
237,Yvette Lewis,Female,21,High,Silver
238,Austin Martin,Female,27,Medium,Bronze
239,Carmen Walker,Male,20,Medium,Silver
240,Jay Williams,Female,58,Low,Bronze
241,Michael Nichols,Female,62,Medium,Bronze
242,Jeffery Robinson,Male,35,Medium,Platinum
243,Maria Mcclure,Female,64,Low,Gold
244,Jennifer Miller,Male,53,Medium,Platinum
245,William Bird,Male,64,Low,Gold
246,Angela Murray,Female,39,Low,Gold
247,Michelle Benson,Male,51,Low,Gold
248,Laura Ingram,Male,64,Low,Silver
249,David Sims,Male,25,Medium,Platinum
250,Gwendolyn Martin,Male,57,Low,Gold
251,Shannon Mcclain,Female,66,Low,Bronze
252,Hannah Brown,Male,61,Medium,Silver
253,Gregory Bush,Female,36,Medium,Platinum
254,Andrea Navarro,Male,59,High,Gold
255,Christopher Brown,Male,58,Medium,Bronze
256,Miranda Sanchez,Male,54,Medium,Platinum
257,Dana Deleon,Male,23,High,Platinum
258,Rhonda Bailey,Female,69,Medium,Silver
259,Jennifer Mitchell,Female,43,Medium,Platinum
260,Anthony Young,Male,51,Medium,Silver
261,Peter James,Male,62,Medium,Gold
262,Katherine Wiggins,Female,23,High,Silver
263,Tammy Campos,Male,54,Medium,Bronze
264,Jason Robinson,Male,50,Medium,Silver
265,Alicia Morrison,Male,39,High,Bronze
266,Larry Mathews,Female,38,Low,Silver
267,Joshua Martinez,Female,23,High,Platinum
268,Amy Copeland,Female,23,Low,Gold
269,Frederick Flores,Male,65,High,Bronze
270,Vincent Rogers,Male,21,High,Silver
271,Jack Lamb,Female,47,Medium,Silver
272,Tyler Guerrero,Female,28,Low,Silver
273,James Washington,Female,47,Medium,Platinum
274,Raymond Daugherty,Female,48,Low,Platinum
275,Melissa Deleon,Male,41,High,Bronze
276,Heidi Sanders,Female,26,High,Bronze
277,Shane Parker,Male,20,Low,Platinum
278,Rachel Fox,Female,68,Medium,Bronze
279,Amanda Griffith,Male,48,Medium,Gold
280,Elizabeth Waters,Female,57,Medium,Gold
281,Lisa Benson,Female,54,Medium,Platinum
282,Margaret Wagner,Female,53,High,Bronze
283,Charles Evans,Female,41,High,Silver
284,Andrew Wolfe,Male,48,High,Gold
285,Terri Miller,Female,23,High,Platinum
286,Mr. Jeremy Wood IV,Male,19,High,Bronze
287,Christian Munoz,Male,37,Medium,Platinum
288,Suzanne Castro,Male,45,Medium,Silver
289,Michael Lara,Male,28,Medium,Gold
290,Joanne Schmitt,Female,21,Medium,Platinum
291,Diane Mitchell,Male,32,High,Platinum
292,Robert Lucas,Male,23,High,Platinum
293,Olivia Norris,Male,66,High,Silver
294,Traci Roy,Female,47,Low,Platinum
295,Samantha James,Female,55,Medium,Silver
296,Heather Morgan,Female,68,Medium,Silver
297,Justin Pena,Female,19,High,Silver
298,Jenna Kennedy,Male,32,Medium,Gold
299,Robert Bruce,Male,28,Medium,Gold
300,Jill Bryant,Female,25,High,Platinum
301,James Johnson,Male,43,Low,Platinum
302,Gregory Mathis,Male,68,Low,Gold
303,David Stevens,Male,62,Low,Bronze
304,Brenda Moore,Female,61,High,Gold
305,Michael Kemp,Female,22,Medium,Silver
306,Stephanie Martinez,Male,23,High,Gold
307,Kimberly Reynolds,Female,43,High,Silver
308,John Luna,Female,21,Medium,Platinum
309,Lindsey Fox,Female,36,Low,Bronze
310,Mr. Michael Williams,Female,37,Low,Platinum
311,Steven Ramirez,Female,50,High,Silver
312,Anthony Sullivan,Male,37,Low,Silver
313,Brandon Hernandez,Female,66,High,Silver
314,Donald Contreras,Male,29,High,Bronze
315,Cindy Sullivan,Male,64,Medium,Gold
316,Mary Morgan,Female,18,Medium,Platinum
317,Angela Anderson,Male,43,Medium,Platinum
318,Laura Dillon DDS,Male,31,High,Gold
319,Veronica Ortega,Male,55,Medium,Platinum
320,Chase Schmidt,Female,54,Low,Bronze
321,Lindsey Dean,Female,28,Low,Platinum
322,Sheryl Perez,Male,53,High,Silver
323,Lee Walker,Female,30,High,Gold
324,Matthew Graham,Female,60,Medium,Bronze
325,Mr. Jeremy Carr MD,Female,20,High,Gold
326,Mitchell Monroe,Female,50,High,Bronze
327,Alexa Dunlap,Male,23,Low,Silver
328,Dr. Ryan Castillo,Male,67,Low,Gold
329,Michelle Alvarez,Female,27,Medium,Platinum
330,Omar Lawrence,Female,22,High,Bronze
331,Tracy Smith,Male,40,High,Gold
332,Keith Gardner,Male,27,Low,Platinum
333,James Calderon,Female,61,High,Gold
334,Felicia Thompson,Male,19,Low,Gold
335,Cathy Hill,Female,30,Medium,Gold
336,Melanie Wells,Female,57,Low,Bronze
337,Tanya Davis,Male,19,High,Platinum
338,Edward Mills,Male,37,Medium,Silver
339,Richard Thomas Jr.,Female,18,Low,Bronze
340,Thomas Clark,Female,54,Low,Bronze
341,Mary Phelps,Male,26,Medium,Bronze
342,Melissa Dyer,Female,34,Medium,Silver
343,Brent Hull,Male,26,Low,Platinum
344,Bianca Delgado,Female,28,High,Platinum
345,Sarah George,Male,32,Low,Platinum
346,Jordan Gonzalez,Male,41,Medium,Gold
347,Taylor Costa,Male,55,Low,Gold
348,Karen Mercer,Female,52,Medium,Gold
349,Nathan Leblanc,Female,47,Medium,Silver
350,Robert Stephenson,Male,48,High,Gold
351,Steve Barker,Female,66,Medium,Silver
352,Eric Osborn,Male,22,Medium,Platinum
353,Faith Lee,Male,61,High,Gold
354,Lori Harmon,Female,67,Medium,Gold
355,Keith Perkins,Female,31,High,Bronze
356,Andrew Sims,Male,28,High,Silver
357,Mark Henderson,Female,26,Medium,Platinum
358,Charles Shaffer,Female,51,Medium,Bronze
359,Emily Schultz,Male,29,Low,Bronze
360,Gregory Pennington,Male,52,High,Platinum
361,Amanda Jones,Female,52,Low,Bronze
362,Daniel Hendrix,Male,18,Medium,Silver
363,Peter Davis,Male,57,Low,Silver
364,Christopher Wells,Female,39,High,Gold
365,Rebecca Rogers,Male,46,Low,Bronze
366,Kara Holland,Male,25,High,Gold
367,Jill Garcia,Female,28,Medium,Bronze
368,Todd Thomas,Female,58,Medium,Silver
369,Edward Proctor,Male,54,High,Silver
370,James Sanchez,Male,31,Medium,Silver
371,Jacqueline Peterson,Female,47,Medium,Bronze
372,Kevin Smith,Female,52,Medium,Silver
373,Mark Williamson,Female,38,Medium,Bronze
374,Michele Hensley,Female,54,High,Gold
375,Matthew Walker,Male,22,Low,Bronze
376,Steven Mays,Female,36,Low,Gold
377,Heather Ramirez,Female,31,Medium,Bronze
378,Willie Taylor,Male,43,Low,Gold
379,Lindsay Clark,Female,21,Low,Silver
380,Scott Davis,Male,42,Medium,Gold
381,Margaret Hernandez,Female,62,Medium,Silver
382,Nicholas Valentine,Female,59,Low,Silver
383,Melissa Cruz,Female,42,High,Gold
384,Jeffery Nguyen,Male,35,Medium,Bronze
385,Rebekah Gonzalez,Male,57,High,Bronze
386,Kerry Murray,Female,25,Low,Platinum
387,Michael Ross,Male,56,Medium,Bronze
388,Pamela Wilson,Male,57,High,Platinum
389,Donna Savage,Male,31,Medium,Bronze
390,Sierra Ingram,Male,49,Low,Bronze
391,Judy Li,Male,68,High,Silver
392,Justin Yang,Male,55,Low,Platinum
393,Katherine Johnson,Female,50,Low,Bronze
394,Lauren Keith,Female,40,Medium,Platinum
395,Marcus Ramos,Male,32,High,Silver
396,Anna Shelton,Female,50,Low,Silver
397,Rachel Le,Female,42,Low,Platinum
398,Matthew Russell,Female,34,High,Silver
399,Sara Mitchell,Female,50,Low,Gold
400,Thomas Young,Male,64,Low,Gold
401,Emma Mitchell,Female,19,High,Silver
402,Kenneth Young,Female,31,High,Gold
403,Alexandria Fisher,Male,57,High,Bronze
404,Dalton Walker,Male,57,High,Platinum
405,Ryan Powell,Female,68,Medium,Bronze
406,Lindsay Griffin,Female,56,High,Platinum
407,Benjamin Adkins,Female,68,Medium,Silver
408,Danny Rivers,Female,23,Medium,Bronze
409,Autumn Tate,Female,23,Medium,Silver
410,Timothy Edwards,Female,20,Low,Silver
411,Michael Cummings,Male,24,Medium,Platinum
412,Patrick Kent,Female,68,Medium,Platinum
413,Andrew Jennings,Female,25,Low,Platinum
414,Joanne Jackson,Male,59,Low,Bronze
415,Michael Anderson,Male,69,Low,Gold
416,Mark Williams,Male,32,High,Platinum
417,Matthew Vargas,Male,64,Low,Platinum
418,David Gonzalez,Female,46,Low,Bronze
419,Evan Garcia,Female,50,Medium,Platinum
420,Melissa Johnson,Female,69,Low,Bronze
421,Shaun Estes Jr.,Female,47,High,Silver
422,Katrina Green,Female,56,Low,Platinum
423,Jacob Jones,Female,44,High,Platinum
424,Martin Robbins,Male,53,Low,Silver
425,Sara Schmidt,Female,46,Low,Silver
426,Sharon Stokes,Male,55,Low,Silver
427,Christine Arellano,Male,50,Low,Platinum
428,Cynthia Bowman,Female,54,High,Gold
429,Jason Miller,Male,44,High,Gold
430,Andrew Johnson,Female,50,Medium,Gold
431,Michelle Fletcher,Male,21,High,Platinum
432,Jeremy Long,Female,39,Low,Silver
433,Katie Steele,Male,19,Medium,Platinum
434,Monica Robinson,Female,27,Medium,Silver
435,Valerie Morgan,Female,22,Medium,Platinum
436,Jacob Smith,Female,27,Low,Platinum
437,Crystal Thomas,Female,50,High,Silver
438,Mark Smith,Female,55,Low,Gold
439,Frank King,Male,30,Medium,Silver
440,Michael Wagner,Male,48,Low,Bronze
441,Terry Smith,Male,64,Low,Bronze
442,Juan Whitaker,Female,53,High,Silver
443,Juan Becker,Male,62,High,Platinum
444,Meredith Aguilar,Female,41,Medium,Bronze
445,Megan Baldwin,Female,69,Low,Bronze
446,Jessica Pennington,Male,32,Low,Platinum
447,Donna Mcdaniel,Male,46,High,Platinum
448,Jacqueline Hoffman,Female,25,Low,Gold
449,Scott Johnson,Male,22,Low,Platinum
450,Aaron Chandler,Female,46,Low,Silver
451,Michael Christian,Female,64,High,Silver
452,Nancy Collins,Female,21,Medium,Gold
453,Mitchell Baldwin,Female,29,Medium,Bronze
454,Lucas Simmons,Female,62,Low,Bronze
455,Benjamin Cole,Male,19,Medium,Platinum
456,Nicole Williams,Male,44,High,Silver
457,Thomas Mccoy,Female,48,High,Bronze
458,Theresa Summers,Female,68,Medium,Gold
459,Jeffrey Combs,Male,68,Medium,Gold
460,Mr. Marcus Terry,Male,53,Low,Silver
461,Amanda Page,Female,53,Medium,Gold
462,Kyle Lewis,Male,43,Low,Gold
463,Tracie Morris,Female,60,Low,Silver
464,Pedro Bell,Male,44,High,Platinum
465,Allison Eaton,Female,22,High,Platinum
466,Dennis Lee,Male,37,High,Gold
467,Nathan Jackson,Female,28,High,Platinum
468,Jason Huang,Male,27,Medium,Platinum
469,Larry Day,Male,57,High,Gold
470,Scott Baker,Female,55,Medium,Platinum
471,Mr. Benjamin Patrick,Male,23,High,Gold
472,Tammy Gordon,Female,25,Medium,Bronze
473,Jeremy Hamilton,Male,40,Low,Silver
474,Bryan Oliver,Female,64,Medium,Silver
475,Anthony Mccarthy,Male,43,Medium,Platinum
476,Kevin Williams,Female,63,High,Platinum
477,Bobby Turner,Male,60,Medium,Platinum
478,Jesse Young,Female,29,Low,Silver
479,Jill Ball,Male,43,Low,Bronze
480,Rebecca French,Female,30,High,Bronze
481,James Pitts,Female,57,Low,Silver
482,Mary Leon,Female,35,Medium,Bronze
483,Martin Mercado,Male,42,Low,Silver
484,Raven Martinez,Female,50,High,Bronze
485,Mark Cox,Male,64,Medium,Gold
486,Jorge Day,Female,57,High,Gold
487,Lori Clark,Male,60,Medium,Silver
488,Jason White,Female,29,Low,Bronze
489,Philip Young,Male,61,High,Platinum
490,Faith Liu,Male,53,High,Bronze
491,Steven Shaw,Female,65,Medium,Gold
492,Karen Bradley,Male,21,High,Gold
493,Chris Wright,Male,22,Medium,Bronze
494,Robert Jones,Female,54,Medium,Bronze
495,Eric Ferguson,Male,25,Medium,Platinum
496,Tamara Sparks,Male,59,Medium,Platinum
497,James Zavala,Male,66,Low,Bronze
498,Adam Fitzgerald,Female,45,Medium,Bronze
499,Megan Lutz,Male,48,High,Bronze
500,Michelle Sanchez,Female,26,Low,Bronze
501,Stephanie Holloway,Male,68,High,Silver
502,David Roth,Male,46,Low,Bronze
503,Megan Delgado,Male,31,Medium,Platinum
504,Erica Henry,Female,57,Low,Gold
505,Victoria Zimmerman,Male,58,Low,Silver
506,David Boyer,Male,39,High,Bronze
507,Nicolas Anderson,Female,28,High,Gold
508,Renee Lynch,Male,40,Medium,Silver
509,Heather Walker,Female,18,Low,Gold
510,Dwayne Brown,Female,63,Low,Bronze
511,Diana Robinson,Male,54,Low,Bronze
512,Dr. Michael Wilson,Female,38,Medium,Platinum
513,Emily Serrano,Male,43,Medium,Bronze
514,Dr. Kathryn Romero,Female,63,Medium,Bronze
515,Abigail Robbins,Female,53,Medium,Silver
516,Henry Robinson,Male,40,Medium,Platinum
517,Carolyn Donaldson,Female,18,High,Silver
518,Ian Peterson,Female,68,Low,Gold
519,Lauren Morgan,Female,57,Low,Bronze
520,Zachary Reese,Female,32,Low,Gold
521,John Kelly,Female,38,Low,Silver
522,Rose Young,Male,64,Low,Bronze
523,David Erickson,Female,26,Low,Bronze
524,Edward Chavez,Male,26,Low,Silver
525,Natalie Mercado,Female,27,Low,Silver
526,Eric Reid,Male,69,High,Silver
527,Crystal Graham,Male,43,Low,Silver
528,Kimberly Johnson,Female,58,High,Silver
529,Linda Allen,Female,52,Medium,Bronze
530,Tammy Sampson,Female,69,Low,Silver
531,Darrell White,Male,42,Medium,Bronze
532,Robert James,Female,43,Medium,Bronze
533,Christine Wilson,Male,28,Medium,Silver
534,Debra Stone,Male,55,High,Silver
535,Zachary Weeks,Male,19,Medium,Platinum
536,Willie Barnes,Female,24,Medium,Bronze
537,Kimberly Mccarthy,Female,35,Medium,Silver
538,Sonya Wilkerson,Male,44,Low,Silver
539,Robin Skinner,Male,51,Low,Silver
540,Gregory Lin,Female,44,High,Platinum
541,Kathleen Ramirez,Male,34,High,Platinum
542,Richard Thomas,Female,60,Low,Gold
543,Heidi Reyes,Male,61,High,Bronze
544,Garrett Davis,Female,68,Low,Gold
545,Amber Harris,Male,41,Medium,Silver
546,Jeffrey Kim DDS,Female,42,Medium,Platinum
547,Amy Ortega,Male,24,High,Platinum
548,Eric Hernandez,Female,69,Low,Gold
549,Matthew Allen,Female,23,Low,Platinum
550,Carolyn Boyd,Male,41,High,Silver
551,John Wilson,Male,50,Low,Platinum
552,Jonathan Johnson,Female,66,Medium,Gold
553,Kathy Anderson,Male,46,High,Silver
554,Joseph Garcia,Female,60,High,Gold
555,Lance Villanueva,Male,39,Low,Platinum
556,Eric Mcdaniel,Female,43,High,Gold
557,Eric Blair,Female,45,Low,Gold
558,Gregory Carroll,Female,67,Low,Bronze
559,Erica Greene,Female,38,Low,Platinum
560,Lauren Meyers,Female,66,Low,Platinum
561,Matthew Chan,Female,24,Low,Gold
562,Aaron Phillips,Male,34,High,Bronze
563,Jennifer Huang,Male,37,Medium,Platinum
564,Angela Parker,Male,58,Medium,Silver
565,Alison Burnett,Female,66,High,Gold
566,Lisa Cline,Female,37,High,Platinum
567,Paula Daugherty,Female,39,Medium,Silver
568,Zachary Cooper,Female,45,Medium,Platinum
569,Megan Williams,Male,57,Medium,Silver
570,Ariel Schneider,Male,66,Medium,Gold
571,Gregory Ramirez,Female,24,Medium,Platinum
572,James Reed,Male,18,Low,Platinum
573,Christine Hernandez,Male,49,High,Bronze
574,Rebecca Cox,Female,30,Low,Gold
575,Misty Bell,Male,47,Medium,Silver
576,Tiffany Mendoza,Female,40,Medium,Platinum
577,Kara Hill,Male,68,Medium,Platinum
578,Randall Wagner,Female,36,Low,Silver
579,Terry Calderon,Female,49,Low,Gold
580,Caitlin Stephens,Female,47,Medium,Bronze
581,George Fisher,Female,46,Low,Bronze
582,Mario Taylor,Male,66,Low,Platinum
583,Anthony Alexander,Female,62,Medium,Silver
584,Charles Nicholson,Female,46,Low,Platinum
585,Shannon Hill,Female,47,High,Silver
586,David Mays,Male,33,High,Bronze
587,Scott Mitchell,Female,57,High,Gold
588,Mary Mcdonald,Male,36,High,Silver
589,Daniel Norris,Female,35,Medium,Bronze
590,Daniel Higgins,Male,18,Medium,Platinum
591,Michelle Perez,Male,31,Medium,Silver
592,Craig Fitzpatrick,Female,68,High,Gold
593,Richard Whitaker,Male,64,High,Platinum
594,Cathy Rosales,Female,67,Low,Platinum
595,Sarah Romero,Female,19,Low,Bronze
596,Amber Parker,Female,45,High,Silver
597,Alan Collins,Male,66,High,Platinum
598,Donna Leblanc,Male,67,High,Gold
599,William Gilbert,Female,47,High,Silver
600,Guy Taylor,Female,55,Low,Gold
601,Joshua Edwards,Male,68,High,Platinum
602,Alexandria Wolf,Female,21,Low,Gold
603,Jill Simpson,Female,18,High,Bronze
604,Donald Beck,Female,25,High,Gold
605,Bill Smith,Male,46,High,Silver
606,Patrick Gonzalez,Male,56,Low,Gold
607,Amanda Mejia,Male,20,Low,Gold
608,Tina Roberts,Female,49,Medium,Bronze
609,Julia Compton,Female,27,High,Gold
610,James Jones,Female,27,Medium,Gold
611,Thomas Reed DVM,Male,36,Medium,Platinum
612,Bradley Huff,Female,63,Low,Platinum
613,Samuel Oliver,Female,51,Low,Silver
614,Dean Scott,Female,50,Medium,Platinum
615,Jamie Crawford,Female,40,High,Platinum
616,Wyatt Carey,Male,45,Low,Platinum
617,Joseph Keller,Male,49,High,Platinum
618,Andrea Cooper,Female,67,High,Bronze
619,Timothy Stark,Male,24,Medium,Platinum
620,Dylan Garner,Male,46,Medium,Bronze
621,Hailey Pearson,Female,25,Medium,Bronze
622,Michael Mills,Female,18,Medium,Platinum
623,Heather Ward,Male,20,Low,Gold
624,Jennifer Weber,Female,41,Low,Bronze
625,Robert Green,Male,40,Medium,Gold
626,Michael Reyes,Female,25,Low,Gold
627,Joshua Wells,Male,64,Medium,Platinum
628,Lori Baker,Female,54,High,Silver
629,Heather Johnson,Male,20,High,Platinum
630,Brenda Juarez,Male,68,High,Silver
631,Emily Anderson,Male,50,Medium,Silver
632,Stephanie Rodriguez,Female,45,High,Platinum
633,Victor Smith,Male,64,Low,Platinum
634,Andrea Savage,Male,25,High,Silver
635,Craig Cardenas,Female,51,High,Platinum
636,Alicia Herrera,Female,52,High,Silver
637,Brenda Hubbard,Male,49,Low,Gold
638,Jay Stone,Male,41,Medium,Platinum
639,Jennifer Guerrero,Female,31,Low,Gold
640,Rodney Roach,Female,49,Medium,Bronze
641,Alicia Eaton,Female,63,Medium,Gold
642,Whitney Day,Female,60,High,Gold
643,Dr. Juan Gomez,Female,33,Medium,Silver
644,Patricia Torres,Male,21,Low,Gold
645,Tracy Gonzales,Female,69,Low,Platinum
646,Edward Nelson,Male,54,Medium,Silver
647,Jason White,Male,38,High,Bronze
648,Nancy Pham,Male,31,High,Platinum
649,Michael Rodgers,Female,48,Low,Bronze
650,Ryan Guerra,Male,65,High,Gold
651,Kenneth Alexander,Male,35,Medium,Platinum
652,Andrew Brooks,Female,24,Medium,Platinum
653,Emily Juarez,Male,27,Low,Bronze
654,Monica Woodward,Male,24,Medium,Platinum
655,Kimberly Rivers,Female,50,Low,Platinum
656,Kristopher Mann,Male,40,Medium,Platinum
657,William May,Male,38,Low,Gold
658,Jennifer Larsen,Male,36,High,Bronze
659,Scott Reed,Female,65,Medium,Platinum
660,Tara Dixon,Female,36,Medium,Silver
661,Cody Lopez,Female,53,Low,Silver
662,Bryan Monroe,Male,46,Low,Silver
663,Chloe Newman,Male,35,Medium,Silver
664,Paul Clark,Female,19,Low,Gold
665,Misty Smith,Male,18,Medium,Platinum
666,Angela Wilkinson,Male,64,High,Bronze
667,Sonya Hardin,Female,22,Low,Platinum
668,Kyle Lopez,Female,37,Medium,Gold
669,Sara Chang,Male,28,High,Silver
670,Dana Brandt,Male,59,High,Gold
671,Michael Donovan PhD,Male,19,Medium,Platinum
672,Deborah Clark,Female,20,Low,Bronze
673,Katie Rodgers,Female,40,Medium,Gold
674,Luis Green,Female,29,High,Bronze
675,Tony Miller,Female,37,Medium,Gold
676,Stephanie Webb,Male,22,Low,Bronze
677,Patricia Wallace,Female,54,High,Bronze
678,Justin Gonzalez,Female,55,Medium,Silver
679,Megan Briggs,Female,47,Low,Bronze
680,Gabriela Campbell,Female,26,High,Silver
681,Janet Stewart,Female,51,Low,Platinum
682,Kelly Blevins,Male,61,High,Platinum
683,Grace Hogan,Male,52,Medium,Silver
684,William Colon,Female,69,Low,Silver
685,Gregory Anderson,Male,39,High,Gold
686,Bethany Friedman,Female,61,Low,Gold
687,Michelle Martin,Female,41,Low,Gold
688,Linda Fleming,Male,34,Medium,Platinum
689,Ashley Wilson,Male,27,Low,Gold
690,Heather Johnson,Female,47,High,Bronze
691,Beth Pena,Female,63,High,Bronze
692,Katherine Moran,Female,40,High,Gold
693,Michael Lawson,Male,49,High,Bronze
694,Samantha Gonzalez,Female,34,Medium,Platinum
695,Robert Peterson,Female,67,Low,Bronze
696,Mark Cruz,Female,68,Medium,Platinum
697,Aaron Carrillo,Male,34,Low,Silver
698,Timothy Martin,Female,31,Low,Silver
699,Gloria Ferguson,Female,26,Low,Silver
700,Tammy Gonzalez,Male,57,Medium,Silver
701,Rachel Delgado,Female,19,Low,Bronze
702,Susan Hartman,Female,62,Medium,Gold
703,Ashley Alvarez,Male,42,High,Bronze
704,Lauren Lopez,Female,56,High,Platinum
705,Andre Hernandez,Male,26,Low,Bronze
706,Christian Ingram,Male,39,Medium,Bronze
707,Phillip Hayes,Female,60,High,Platinum
708,Benjamin Carpenter,Female,63,Medium,Silver
709,Rebecca Alvarez,Female,21,Medium,Silver
710,Isabella Thomas,Female,43,Low,Silver
711,Nicholas Nelson,Male,46,High,Gold
712,Michael Bradshaw,Female,62,Low,Platinum
713,Stephanie Frederick,Male,51,Low,Platinum
714,Christopher Long,Female,40,High,Bronze
715,Travis Hernandez,Female,54,High,Gold
716,Kyle Mckee,Female,28,Medium,Silver
717,Alexis Cobb,Male,23,High,Gold
718,Shawn Nelson,Female,35,Medium,Platinum
719,Matthew Rodriguez,Female,38,Medium,Platinum
720,Maureen Mckenzie,Female,59,Medium,Bronze
721,Todd Wilson,Female,53,High,Bronze
722,Marisa Meza,Male,58,Low,Platinum
723,Spencer Rollins,Female,55,Medium,Silver
724,Richard Cox,Male,51,Low,Silver
725,James Turner,Male,34,Low,Gold
726,Christian Duke,Male,54,High,Platinum
727,Ernest Burch,Male,42,Low,Platinum
728,Marc Moore,Male,55,Low,Silver
729,Ashley Johnson,Male,29,High,Silver
730,Martin Douglas,Female,40,Medium,Platinum
731,Kevin Robinson,Male,59,Low,Bronze
732,Robert Schmidt,Male,39,High,Platinum
733,John Lee,Male,38,Low,Platinum
734,Steven Brown,Female,44,Low,Silver
735,Samantha Munoz,Female,48,Medium,Silver
736,Christina Hernandez,Male,23,Low,Bronze
737,Amy Roberts,Female,44,High,Bronze
738,Jason Banks,Male,57,Low,Gold
739,Sarah Murphy,Male,51,Medium,Platinum
740,Kevin Heath,Female,29,Medium,Silver
741,Alexander Cummings,Male,62,High,Bronze
742,Stephanie Neal,Female,24,Medium,Gold
743,Melissa Pratt,Female,27,Low,Gold
744,Terry Nguyen,Male,62,Medium,Silver
745,Teresa Hardy,Male,34,High,Silver
746,Stacey Adkins,Female,43,Medium,Gold
747,Tracy Hodge,Male,38,Medium,Bronze
748,Evelyn Whitney,Male,45,Medium,Gold
749,Isaiah Hood,Male,63,High,Platinum
750,Michael Wilson,Female,19,Medium,Platinum
751,Matthew Flynn,Female,60,Medium,Silver
752,Nicole Bullock,Male,18,Low,Bronze
753,Angel Reyes,Female,68,High,Bronze
754,Kelly Scott,Female,53,Medium,Platinum
755,Donald Moore,Female,68,High,Gold
756,John Dickerson,Female,43,Medium,Silver
757,Courtney Fletcher,Female,46,Medium,Gold
758,Ryan Harris,Male,38,Medium,Gold
759,Jermaine Young,Male,28,Low,Gold
760,Emily King,Male,57,Low,Bronze
761,John Glenn,Female,28,Low,Platinum
762,Daniel Mills,Female,53,High,Bronze
763,Eugene Brown,Male,66,High,Platinum
764,Kevin Rice,Female,56,Low,Silver
765,Julia Norris,Male,57,High,Silver
766,Rachel Saunders,Male,52,Medium,Gold
767,Stephen Choi,Male,51,Medium,Platinum
768,Erin Munoz,Female,64,Medium,Platinum
769,Luis Michael,Female,41,Low,Platinum
770,Jeremy Payne,Male,39,High,Gold
771,Maurice Burch,Male,22,Low,Gold
772,Kayla Cooper,Male,50,High,Silver
773,Patricia Hicks,Male,53,Medium,Bronze
774,Scott Acevedo,Female,64,Low,Platinum
775,Martin Gomez,Female,37,High,Platinum
776,Michael James,Male,36,High,Bronze
777,Kelly Carlson,Male,52,Medium,Platinum
778,Brittany Blake,Female,69,Low,Gold
779,Theodore Osborne,Female,60,Low,Gold
780,Shelia Ferguson,Male,34,Low,Platinum
781,Albert Harris,Male,62,Medium,Gold
782,Kimberly Drake,Male,60,Low,Gold
783,Heather Brown,Female,51,Medium,Platinum
784,John Simmons,Female,26,Medium,Silver
785,Robin Williams,Female,43,Medium,Bronze
786,Matthew Larson,Male,19,High,Gold
787,Daniel Fisher,Male,26,Low,Silver
788,Amanda Bowers,Female,26,Low,Gold
789,Anthony West,Female,57,Medium,Gold
790,Adam Martinez,Male,34,Medium,Bronze
791,Sean Morales,Female,18,Low,Gold
792,Cynthia Mendoza,Female,42,Medium,Bronze
793,Steven Dawson,Male,60,Low,Bronze
794,Jennifer Fleming,Female,57,High,Bronze
795,Hannah Shaw,Male,59,Medium,Silver
796,Martin Barton,Male,42,Low,Platinum
797,James Fernandez,Male,56,Medium,Silver
798,Dana Gill,Male,52,Low,Platinum
799,Nicholas Singh,Male,20,Low,Platinum
800,Rachel Gonzalez,Male,67,Medium,Bronze
801,Monica Fox,Male,54,High,Gold
802,Alexander Colon,Female,61,Low,Bronze
803,Bobby Curtis,Male,61,Low,Gold
804,Sandra Franco,Male,68,Low,Platinum
805,Melissa Wong,Female,47,High,Bronze
806,Rebecca Jensen,Female,55,High,Gold
807,Gregory Hancock,Female,51,Medium,Silver
808,Dr. Robert Floyd,Male,29,High,Gold
809,Michael Evans,Female,36,Medium,Bronze
810,Hannah Ortega,Male,54,Medium,Silver
811,Ian Dunn,Male,61,High,Gold
812,Frances Brown,Male,66,Medium,Gold
813,Zachary Potter,Male,34,High,Gold
814,Carrie Brown,Female,27,Medium,Gold
815,Madison Wilson,Female,66,High,Gold
816,Dr. David Lee,Male,64,High,Silver
817,Tonya Johnson,Male,29,Medium,Platinum
818,Elizabeth Brown,Male,33,Low,Silver
819,Tiffany Jones,Female,41,Medium,Silver
820,Juan Munoz,Male,36,High,Silver
821,Jacob Hall,Male,25,Low,Platinum
822,Cody Ware,Female,48,Medium,Bronze
823,William Knapp,Female,38,Medium,Platinum
824,Robin Long,Male,34,Medium,Silver
825,Sheila Singleton,Female,40,Low,Gold
826,Corey Castillo,Female,54,High,Gold
827,Abigail Barnett,Male,33,Medium,Silver
828,Elizabeth Myers,Female,23,Medium,Gold
829,Erin Flynn,Male,25,Medium,Silver
830,Timothy Galloway,Female,42,Medium,Gold
831,James Gibson,Male,35,Medium,Platinum
832,Michael Gray MD,Male,42,High,Bronze
833,James Nguyen,Male,29,High,Bronze
834,Melinda Arias,Female,32,Medium,Platinum
835,Julie Brown,Male,43,Low,Platinum
836,Crystal Parker,Female,58,High,Silver
837,Steven Hill,Male,62,Low,Silver
838,Rebecca Hernandez,Male,43,High,Silver
839,Kayla Lane,Female,64,Medium,Gold
840,April Marquez,Male,49,High,Silver
841,Mrs. Lisa Anderson,Male,27,Medium,Platinum
842,Christopher Frye,Female,33,High,Bronze
843,Ricky Spencer,Male,24,Medium,Gold
844,Julie Evans,Male,34,Medium,Silver
845,Adam Lewis,Male,40,Medium,Gold
846,Anna Arnold,Male,43,Medium,Gold
847,Amanda Roberts,Female,38,Low,Silver
848,Corey Adams,Female,39,Medium,Gold
849,Jared Baker,Male,24,Low,Bronze
850,Brian Newton,Female,31,Low,Platinum
851,Dawn Solomon,Male,32,Medium,Platinum
852,Tristan Hill,Female,24,Low,Bronze
853,Alexis Fields,Male,26,High,Gold
854,Kelly Williams,Male,68,Medium,Silver
855,Jennifer Shea,Male,65,Low,Gold
856,Eric Sheppard PhD,Male,25,Medium,Bronze
857,Rachel Smith,Male,67,Medium,Gold
858,Desiree Young,Male,40,Medium,Platinum
859,Brian Sandoval,Female,46,Low,Gold
860,Renee Cohen,Male,35,High,Bronze
861,Brandy Woods,Female,48,High,Platinum
862,Adrian Long,Male,47,Low,Gold
863,Nicole Jones,Female,69,Medium,Gold
864,Elizabeth Fitzgerald,Female,56,Low,Platinum
865,Grace Cantrell,Female,52,Low,Silver
866,Danielle Rodriguez,Male,35,Low,Platinum
867,Kevin Ramos,Male,59,Medium,Silver
868,Timothy King,Female,56,Low,Bronze
869,Paul Murphy,Male,34,Medium,Bronze
870,Michele Nielsen,Female,31,Low,Platinum
871,Richard Wilson,Male,48,High,Platinum
872,Craig Jones,Female,41,Low,Bronze
873,Anthony Edwards,Female,52,Low,Silver
874,Richard Roach,Male,61,High,Bronze
875,Ashley Ramos,Female,62,Medium,Platinum
876,Rebecca Sutton,Male,51,Medium,Bronze
877,Diana Rodriguez,Female,20,Low,Platinum
878,Brittney Martin,Female,54,High,Platinum
879,Adam Perez,Male,60,Medium,Bronze
880,Sharon Johnson,Male,57,Low,Silver
881,Kyle Martin,Male,43,High,Gold
882,Sara Romero,Female,40,Medium,Bronze
883,Andrew Humphrey,Male,61,Medium,Gold
884,Michael Marsh,Female,56,High,Bronze
885,Adrienne King,Female,32,High,Gold
886,Janice Williams,Male,66,High,Silver
887,Kevin Turner,Male,21,High,Silver
888,Sherri Johnson,Female,46,Low,Bronze
889,Crystal Griffin,Female,39,High,Platinum
890,Joel Sosa,Male,42,Medium,Gold
891,Rebecca Moore,Male,30,Medium,Platinum
892,Katherine Snyder,Male,35,Low,Platinum
893,Kyle Perez,Male,50,Medium,Platinum
894,Travis Stevens,Male,33,Medium,Silver
895,Kimberly Alexander,Female,62,High,Bronze
896,Timothy Anthony,Female,59,Medium,Bronze
897,David Perez,Female,61,Low,Silver
898,Catherine Gordon,Female,19,High,Silver
899,Kim Wright,Male,52,High,Bronze
900,Kathy Ross,Male,59,Low,Platinum
901,Shane Barnett,Male,51,High,Gold
902,Jennifer Gregory,Female,47,High,Gold
903,Samuel Day,Female,30,Low,Gold
904,Robert Jones,Male,30,High,Platinum
905,Linda Sweeney,Male,35,Low,Bronze
906,Catherine Coffey,Female,49,Low,Silver
907,Debbie May,Female,49,Medium,Bronze
908,Katrina Bradshaw,Male,52,Medium,Platinum
909,Dr. Benjamin Schroeder,Male,56,High,Silver
910,Erica Cole,Female,63,High,Platinum
911,William Davis,Male,69,Low,Gold
912,Stacey Russell,Male,46,High,Gold
913,William Malone,Male,66,Low,Platinum
914,Craig Camacho,Female,46,Low,Silver
915,Chelsea Conley,Female,61,High,Silver
916,Christopher Conley,Female,33,Low,Bronze
917,Mrs. Caitlin Montgomery MD,Female,61,Medium,Gold
918,Jennifer Fowler,Female,64,High,Bronze
919,Justin Gonzalez,Female,27,Medium,Bronze
920,Michael Richardson,Female,47,High,Platinum
921,Sara Snyder,Male,42,Low,Platinum
922,Brittany Clark,Male,56,High,Bronze
923,Megan Harris,Male,37,Medium,Gold
924,Kimberly Ellison,Male,22,Low,Platinum
925,Christine Jones,Male,18,High,Bronze
926,Timothy Moore,Male,47,High,Bronze
927,Renee Ochoa,Male,66,High,Bronze
928,Michelle Baker,Female,20,Medium,Bronze
929,Joseph Garner,Female,62,Medium,Bronze
930,Connie Doyle,Male,31,High,Bronze
931,Jamie Stewart,Male,47,Low,Platinum
932,Karen Sexton,Female,67,Low,Gold
933,Leah Edwards,Male,21,Medium,Bronze
934,Daniel Nguyen,Male,35,Low,Silver
935,Shannon Campbell,Female,54,Medium,Platinum
936,Emma Green,Male,42,High,Platinum
937,Misty Guerra,Female,65,Medium,Bronze
938,Katherine Mitchell,Male,18,Medium,Platinum
939,Kevin Smith,Female,63,High,Bronze
940,Anne Barker,Female,32,Low,Gold
941,William Lawson,Female,26,Medium,Gold
942,Sarah Jimenez,Male,32,Medium,Platinum
943,Ronald Perry,Female,66,High,Platinum
944,Jessica Hill,Male,41,Low,Silver
945,Jacob Hardy,Male,21,Medium,Platinum
946,Elizabeth Pena,Male,29,High,Silver
947,Sean Holder,Male,54,Medium,Gold
948,Brooke Tanner,Female,54,High,Gold
949,Joseph Garner,Female,60,Low,Bronze
950,Laurie Hoover,Male,23,Low,Gold
951,Alyssa Rivera,Male,56,Low,Silver
952,Dr. Jose Baker III,Female,63,Low,Platinum
953,Daisy Chan,Male,41,Medium,Bronze
954,Terri Reed,Female,28,Medium,Silver
955,Monica Lawson,Male,30,Low,Platinum
956,Matthew Zhang,Male,51,Low,Bronze
957,Rachel Thompson,Female,42,Low,Gold
958,Heather Bradley,Male,24,Medium,Silver
959,Joy Martinez,Female,69,Low,Platinum
960,Marcus Leon,Male,21,Low,Bronze
961,John Wall,Male,25,Low,Bronze
962,Katherine Caldwell,Male,37,High,Gold
963,Richard Willis,Female,46,Low,Platinum
964,Michael Bradshaw,Male,68,High,Gold
965,Mary Roy,Male,62,High,Gold
966,Susan Jacobs,Male,63,Low,Platinum
967,Joshua Valdez,Male,27,High,Platinum
968,Lynn Newton,Female,60,Low,Platinum
969,Cheryl Wilson,Female,51,Medium,Silver
970,Brandi Smith,Male,43,Medium,Platinum
971,Mark Davis,Female,58,Medium,Bronze
972,Karen Stein,Male,66,Medium,Gold
973,Jennifer Guerrero,Male,20,High,Silver
974,Michael Berry,Male,23,Low,Platinum
975,Kara Woods,Female,22,Low,Silver
976,Dustin Smith,Female,22,Low,Platinum
977,Hayley Romero,Female,64,Medium,Silver
978,Jackie Ryan,Female,40,Medium,Gold
979,Desiree Porter,Female,66,Low,Gold
980,Jacob Hamilton,Female,26,Medium,Bronze
981,Katherine Williams,Female,52,Low,Bronze
982,Michael Pittman,Female,37,Low,Platinum
983,Jacob Dominguez,Female,66,Low,Gold
984,Gregory Bass,Male,59,Low,Silver
985,Erik Lawrence Jr.,Female,52,Low,Silver
986,Kevin Scott,Female,67,Low,Silver
987,Michael Holloway,Female,35,Low,Bronze
988,Ashley Anderson,Female,34,Medium,Silver
989,David Johnson,Female,41,Low,Bronze
990,Carolyn Bryant,Female,20,Low,Bronze
991,Cheryl Hicks,Female,49,Medium,Platinum
992,Tracy Ortega,Female,52,Medium,Silver
993,Alicia Jones,Female,55,Medium,Silver
994,George Dean,Female,30,Low,Gold
995,Barry Chang,Female,64,High,Platinum
996,John Ball,Male,42,High,Gold
997,Ashley King,Male,26,Medium,Platinum
998,Leslie Watson DDS,Female,21,High,Silver
999,Daniel Wolfe,Female,31,Medium,Bronze
1000,Jimmy Pacheco,Male,54,Low,Bronze
